city,clean_async_cnn_f1,clean_async_cnn_far,clean_async_cnn_prec,clean_async_cnn_rec,transformer_self_attn_f1,transformer_self_attn_far,transformer_self_attn_prec,transformer_self_attn_rec,transformer_cross_attn_f1,transformer_cross_attn_far,transformer_cross_attn_prec,transformer_cross_attn_rec
brasilia,0.06895313341713054,0.0006823868375161119,0.5871559633027523,0.03662724151087371,,0.0,,0.0,0.1640648605096183,0.06564561376904997,0.11145320197044335,0.31075925219381917
montpellier,0.27137452711223203,0.0036521622587562543,0.766928011404134,0.16485368469434655,0.35195187822244045,0.002071792351679771,0.8854231006794318,0.21962616822429906,0.39270775237032907,0.05584904395997141,0.36030446462837407,0.4315152443695419
norcia,0.2597402597402597,0.0005024137705061273,0.8050847457627118,0.15484922575387122,,0.0,,0.0,0.3189755529685681,0.0181415059306669,0.24807605251244907,0.44661776691116545
rio,0.30014044943820223,0.0250377222794128,0.37570323488045004,0.24988306828811974,0.11874691559682767,0.8938770042164342,0.0631258452374794,0.9988306828811974,0.23328878108344472,0.31716328458815735,0.13580911029567155,0.8265902712815716
saclay_w,0.33823241230648643,0.007965689094230743,0.3326908249807248,0.34396173774412114,0.07427294645459283,0.2393112048852545,0.03885854749429366,0.837983260263053,0.19869167030091583,0.03597214999976991,0.12717731129968737,0.45396572339577523
valencia,,0.00203189288561042,0.0,0.0,,0.0,,0.0,0.011655982016484889,0.05055312639663839,0.006339431262452454,0.07223942208462332
dubai,0.4786578453801603,0.05684041925040778,0.4803408550331961,0.47698658834644375,0.18010462617667175,0.9944369914055023,0.09903912373331585,0.992421286122122,0.3807968161406346,0.23408977279668436,0.25696723371559466,0.7349709379942081
lasvegas,0.45198905584990884,0.047766350782245365,0.4444420719989751,0.45979677490611887,0.21008026880716818,0.004907162290669966,0.6779518072289157,0.12429865252926883,0.5290016599478301,0.03077211160352038,0.5709751727668287,0.4927766732935719
milano,0.25192442267319803,0.0002618573308451362,0.8200455580865603,0.14882182720132286,,0.0,,0.0,0.28947368421052627,0.008140779804501957,0.25144772935080767,0.3410500206696982
chongqing,0.3496675448500815,0.011533774963838223,0.6211445890533072,0.24332157698082899,0.19483910345529143,0.06675748949069564,0.18935574229691876,0.2006495093759821,0.34764914946146125,0.08756713335486305,0.284243916505845,0.44746307224918813
