city,orbit,tp,tn,fp,fn,precision,recall,f1,iou,false_alarm_rate
brasilia,24,286,197671,164,4956,0.6355555555555555,0.0545593285005723,0.10049191848208011,0.05290418054014059,0.0008289736396492026
montpellier,59,1820,177815,1257,11234,0.5914852128696783,0.13942086716715182,0.22565247039861136,0.12717490042624555,0.007019522873481058
norcia,117,150,91329,229,1077,0.39577836411609496,0.12224938875305623,0.18679950186799504,0.10302197802197802,0.0025011468140413726
rio,155,3213,137351,4475,5339,0.41792403746097817,0.3757015902712816,0.39568965517241383,0.24664159054271897,0.031552747733137786
saclay_w,59,1764,423969,10645,3254,0.142154887581594,0.3515344758868075,0.20244448269925977,0.1126221030453936,0.024492998384773614
valencia,30,2,216701,338,967,0.0058823529411764705,0.0020639834881320948,0.003055767761650114,0.001530221882172915,0.0015573237989485761
dubai,130,7536,401259,40768,41153,0.1560119244783041,0.15477828667666207,0.15539265720206613,0.08424159093195613,0.09222966017912933
lasvegas,166,6568,514163,30551,38702,0.176944421994127,0.14508504528385244,0.1594387600286446,0.08662507748512945,0.05608631318453353
milano,66,470,301407,284,1949,0.623342175066313,0.19429516329061597,0.2962496060510558,0.17388087310395856,0.0009413605311394772
chongqing,55,7040,363952,4531,21597,0.6084175957134215,0.24583580682334044,0.35017906884202155,0.21225277375783888,0.012296361026153174
