city,s2_date_1,s2_date_2,s1_t1_date,s1_t2_date,s1_orbit,historical_optical_candidate,target_sar_candidate,temporal_gap_days,usable,reason,evidence_source
aguasclaras,2015-09-16,2017-10-15,UNKNOWN,UNKNOWN,24,2015-09-16,sentinel1_aguasclaras_<orbit>_t2.tif,UNKNOWN,no,"S1 T1 and T2 VV files exist, but no SAR acquisition date is stored. The download notebook builds orbit-mean composites, not single-date scenes. A day gap from optical date_1 to a Sentinel-1 T2 acquisition cannot be calculated.","s2 dates: datasets/oscd/images/<city>/dates.txt; s1 presence and orbit numbers: datasets/oscd_sentinel1 filenames; s1 raster tags: AREA_OR_POINT only, description VV, no acquisition date; composite windows: repos/2/DS_UNet/sentinel1_download.ipynb"
bercy,2016-11-30,2017-08-29,UNKNOWN,UNKNOWN,59;8;110,2016-11-30,sentinel1_bercy_<orbit>_t2.tif,UNKNOWN,no,"S1 T1 and T2 VV files exist, but no SAR acquisition date is stored. The download notebook builds orbit-mean composites, not single-date scenes. A day gap from optical date_1 to a Sentinel-1 T2 acquisition cannot be calculated.","s2 dates: datasets/oscd/images/<city>/dates.txt; s1 presence and orbit numbers: datasets/oscd_sentinel1 filenames; s1 raster tags: AREA_OR_POINT only, description VV, no acquisition date; composite windows: repos/2/DS_UNet/sentinel1_download.ipynb"
bordeaux,2016-05-04,2017-10-26,UNKNOWN,UNKNOWN,30;8;81,2016-05-04,sentinel1_bordeaux_<orbit>_t2.tif,UNKNOWN,no,"S1 T1 and T2 VV files exist, but no SAR acquisition date is stored. The download notebook builds orbit-mean composites, not single-date scenes. A day gap from optical date_1 to a Sentinel-1 T2 acquisition cannot be calculated.","s2 dates: datasets/oscd/images/<city>/dates.txt; s1 presence and orbit numbers: datasets/oscd_sentinel1 filenames; s1 raster tags: AREA_OR_POINT only, description VV, no acquisition date; composite windows: repos/2/DS_UNet/sentinel1_download.ipynb"
nantes,2015-08-21,2017-10-14,UNKNOWN,UNKNOWN,30;81,2015-08-21,sentinel1_nantes_<orbit>_t2.tif,UNKNOWN,no,"S1 T1 and T2 VV files exist, but no SAR acquisition date is stored. The download notebook builds orbit-mean composites, not single-date scenes. A day gap from optical date_1 to a Sentinel-1 T2 acquisition cannot be calculated.","s2 dates: datasets/oscd/images/<city>/dates.txt; s1 presence and orbit numbers: datasets/oscd_sentinel1 filenames; s1 raster tags: AREA_OR_POINT only, description VV, no acquisition date; composite windows: repos/2/DS_UNet/sentinel1_download.ipynb"
paris,2016-11-30,2017-11-07,UNKNOWN,UNKNOWN,59;8;110,2016-11-30,sentinel1_paris_<orbit>_t2.tif,UNKNOWN,no,"S1 T1 and T2 VV files exist, but no SAR acquisition date is stored. The download notebook builds orbit-mean composites, not single-date scenes. A day gap from optical date_1 to a Sentinel-1 T2 acquisition cannot be calculated.","s2 dates: datasets/oscd/images/<city>/dates.txt; s1 presence and orbit numbers: datasets/oscd_sentinel1 filenames; s1 raster tags: AREA_OR_POINT only, description VV, no acquisition date; composite windows: repos/2/DS_UNet/sentinel1_download.ipynb"
rennes,2015-08-21,2017-06-21,UNKNOWN,UNKNOWN,30;81,2015-08-21,sentinel1_rennes_<orbit>_t2.tif,UNKNOWN,no,"S1 T1 and T2 VV files exist, but no SAR acquisition date is stored. The download notebook builds orbit-mean composites, not single-date scenes. A day gap from optical date_1 to a Sentinel-1 T2 acquisition cannot be calculated.","s2 dates: datasets/oscd/images/<city>/dates.txt; s1 presence and orbit numbers: datasets/oscd_sentinel1 filenames; s1 raster tags: AREA_OR_POINT only, description VV, no acquisition date; composite windows: repos/2/DS_UNet/sentinel1_download.ipynb"
saclay_e,2016-03-15,2017-08-29,UNKNOWN,UNKNOWN,59;8,2016-03-15,sentinel1_saclay_e_<orbit>_t2.tif,UNKNOWN,no,"S1 T1 and T2 VV files exist, but no SAR acquisition date is stored. The download notebook builds orbit-mean composites, not single-date scenes. A day gap from optical date_1 to a Sentinel-1 T2 acquisition cannot be calculated.","s2 dates: datasets/oscd/images/<city>/dates.txt; s1 presence and orbit numbers: datasets/oscd_sentinel1 filenames; s1 raster tags: AREA_OR_POINT only, description VV, no acquisition date; composite windows: repos/2/DS_UNet/sentinel1_download.ipynb"
abudhabi,2016-01-20,2018-03-28,UNKNOWN,UNKNOWN,130,2016-01-20,sentinel1_abudhabi_<orbit>_t2.tif,UNKNOWN,no,"S1 T1 and T2 VV files exist, but no SAR acquisition date is stored. The download notebook builds orbit-mean composites, not single-date scenes. A day gap from optical date_1 to a Sentinel-1 T2 acquisition cannot be calculated.","s2 dates: datasets/oscd/images/<city>/dates.txt; s1 presence and orbit numbers: datasets/oscd_sentinel1 filenames; s1 raster tags: AREA_OR_POINT only, description VV, no acquisition date; composite windows: repos/2/DS_UNet/sentinel1_download.ipynb"
cupertino,2015-09-18,2018-03-26,UNKNOWN,UNKNOWN,35;115;42,2015-09-18,sentinel1_cupertino_<orbit>_t2.tif,UNKNOWN,no,"S1 T1 and T2 VV files exist, but no SAR acquisition date is stored. The download notebook builds orbit-mean composites, not single-date scenes. A day gap from optical date_1 to a Sentinel-1 T2 acquisition cannot be calculated.","s2 dates: datasets/oscd/images/<city>/dates.txt; s1 presence and orbit numbers: datasets/oscd_sentinel1 filenames; s1 raster tags: AREA_OR_POINT only, description VV, no acquisition date; composite windows: repos/2/DS_UNet/sentinel1_download.ipynb"
pisa,2015-07-04,2018-02-11,UNKNOWN,UNKNOWN,15;168,2015-07-04,sentinel1_pisa_<orbit>_t2.tif,UNKNOWN,no,"S1 T1 and T2 VV files exist, but no SAR acquisition date is stored. The download notebook builds orbit-mean composites, not single-date scenes. A day gap from optical date_1 to a Sentinel-1 T2 acquisition cannot be calculated.","s2 dates: datasets/oscd/images/<city>/dates.txt; s1 presence and orbit numbers: datasets/oscd_sentinel1 filenames; s1 raster tags: AREA_OR_POINT only, description VV, no acquisition date; composite windows: repos/2/DS_UNet/sentinel1_download.ipynb"
beihai,2016-12-09,2018-03-09,UNKNOWN,UNKNOWN,157,2016-12-09,sentinel1_beihai_<orbit>_t2.tif,UNKNOWN,no,"S1 T1 and T2 VV files exist, but no SAR acquisition date is stored. The download notebook builds orbit-mean composites, not single-date scenes. A day gap from optical date_1 to a Sentinel-1 T2 acquisition cannot be calculated.","s2 dates: datasets/oscd/images/<city>/dates.txt; s1 presence and orbit numbers: datasets/oscd_sentinel1 filenames; s1 raster tags: AREA_OR_POINT only, description VV, no acquisition date; composite windows: repos/2/DS_UNet/sentinel1_download.ipynb"
hongkong,2016-09-27,2018-03-23,UNKNOWN,UNKNOWN,11;113,2016-09-27,sentinel1_hongkong_<orbit>_t2.tif,UNKNOWN,no,"S1 T1 and T2 VV files exist, but no SAR acquisition date is stored. The download notebook builds orbit-mean composites, not single-date scenes. A day gap from optical date_1 to a Sentinel-1 T2 acquisition cannot be calculated.","s2 dates: datasets/oscd/images/<city>/dates.txt; s1 presence and orbit numbers: datasets/oscd_sentinel1 filenames; s1 raster tags: AREA_OR_POINT only, description VV, no acquisition date; composite windows: repos/2/DS_UNet/sentinel1_download.ipynb"
beirut,2015-08-20,2017-10-03,UNKNOWN,UNKNOWN,14;87,2015-08-20,sentinel1_beirut_<orbit>_t2.tif,UNKNOWN,no,"S1 T1 and T2 VV files exist, but no SAR acquisition date is stored. The download notebook builds orbit-mean composites, not single-date scenes. A day gap from optical date_1 to a Sentinel-1 T2 acquisition cannot be calculated.","s2 dates: datasets/oscd/images/<city>/dates.txt; s1 presence and orbit numbers: datasets/oscd_sentinel1 filenames; s1 raster tags: AREA_OR_POINT only, description VV, no acquisition date; composite windows: repos/2/DS_UNet/sentinel1_download.ipynb"
mumbai,2015-11-30,2018-03-19,UNKNOWN,UNKNOWN,34,2015-11-30,sentinel1_mumbai_<orbit>_t2.tif,UNKNOWN,no,"S1 T1 and T2 VV files exist, but no SAR acquisition date is stored. The download notebook builds orbit-mean composites, not single-date scenes. A day gap from optical date_1 to a Sentinel-1 T2 acquisition cannot be calculated.","s2 dates: datasets/oscd/images/<city>/dates.txt; s1 presence and orbit numbers: datasets/oscd_sentinel1 filenames; s1 raster tags: AREA_OR_POINT only, description VV, no acquisition date; composite windows: repos/2/DS_UNet/sentinel1_download.ipynb"
brasilia,2015-09-16,2017-10-17,UNKNOWN,UNKNOWN,24,2015-09-16,sentinel1_brasilia_<orbit>_t2.tif,UNKNOWN,no,"S1 T1 and T2 VV files exist, but no SAR acquisition date is stored. The download notebook builds orbit-mean composites, not single-date scenes. A day gap from optical date_1 to a Sentinel-1 T2 acquisition cannot be calculated.","s2 dates: datasets/oscd/images/<city>/dates.txt; s1 presence and orbit numbers: datasets/oscd_sentinel1 filenames; s1 raster tags: AREA_OR_POINT only, description VV, no acquisition date; composite windows: repos/2/DS_UNet/sentinel1_download.ipynb"
montpellier,2015-08-12,2017-10-30,UNKNOWN,UNKNOWN,59;37,2015-08-12,sentinel1_montpellier_<orbit>_t2.tif,UNKNOWN,no,"S1 T1 and T2 VV files exist, but no SAR acquisition date is stored. The download notebook builds orbit-mean composites, not single-date scenes. A day gap from optical date_1 to a Sentinel-1 T2 acquisition cannot be calculated.","s2 dates: datasets/oscd/images/<city>/dates.txt; s1 presence and orbit numbers: datasets/oscd_sentinel1 filenames; s1 raster tags: AREA_OR_POINT only, description VV, no acquisition date; composite windows: repos/2/DS_UNet/sentinel1_download.ipynb"
norcia,2015-07-11,2017-10-18,UNKNOWN,UNKNOWN,117;44;22;95,2015-07-11,sentinel1_norcia_<orbit>_t2.tif,UNKNOWN,no,"S1 T1 and T2 VV files exist, but no SAR acquisition date is stored. The download notebook builds orbit-mean composites, not single-date scenes. A day gap from optical date_1 to a Sentinel-1 T2 acquisition cannot be calculated.","s2 dates: datasets/oscd/images/<city>/dates.txt; s1 presence and orbit numbers: datasets/oscd_sentinel1 filenames; s1 raster tags: AREA_OR_POINT only, description VV, no acquisition date; composite windows: repos/2/DS_UNet/sentinel1_download.ipynb"
rio,2016-04-24,2017-10-11,UNKNOWN,UNKNOWN,155,2016-04-24,sentinel1_rio_<orbit>_t2.tif,UNKNOWN,no,"S1 T1 and T2 VV files exist, but no SAR acquisition date is stored. The download notebook builds orbit-mean composites, not single-date scenes. A day gap from optical date_1 to a Sentinel-1 T2 acquisition cannot be calculated.","s2 dates: datasets/oscd/images/<city>/dates.txt; s1 presence and orbit numbers: datasets/oscd_sentinel1 filenames; s1 raster tags: AREA_OR_POINT only, description VV, no acquisition date; composite windows: repos/2/DS_UNet/sentinel1_download.ipynb"
saclay_w,2016-03-15,2017-08-29,UNKNOWN,UNKNOWN,59;8;110,2016-03-15,sentinel1_saclay_w_<orbit>_t2.tif,UNKNOWN,no,"S1 T1 and T2 VV files exist, but no SAR acquisition date is stored. The download notebook builds orbit-mean composites, not single-date scenes. A day gap from optical date_1 to a Sentinel-1 T2 acquisition cannot be calculated.","s2 dates: datasets/oscd/images/<city>/dates.txt; s1 presence and orbit numbers: datasets/oscd_sentinel1 filenames; s1 raster tags: AREA_OR_POINT only, description VV, no acquisition date; composite windows: repos/2/DS_UNet/sentinel1_download.ipynb"
valencia,2016-07-30,2017-11-07,UNKNOWN,UNKNOWN,30;103;8;110,2016-07-30,sentinel1_valencia_<orbit>_t2.tif,UNKNOWN,no,"S1 T1 and T2 VV files exist, but no SAR acquisition date is stored. The download notebook builds orbit-mean composites, not single-date scenes. A day gap from optical date_1 to a Sentinel-1 T2 acquisition cannot be calculated.","s2 dates: datasets/oscd/images/<city>/dates.txt; s1 presence and orbit numbers: datasets/oscd_sentinel1 filenames; s1 raster tags: AREA_OR_POINT only, description VV, no acquisition date; composite windows: repos/2/DS_UNet/sentinel1_download.ipynb"
dubai,2015-12-11,2018-03-30,UNKNOWN,UNKNOWN,130;166,2015-12-11,sentinel1_dubai_<orbit>_t2.tif,UNKNOWN,no,"S1 T1 and T2 VV files exist, but no SAR acquisition date is stored. The download notebook builds orbit-mean composites, not single-date scenes. A day gap from optical date_1 to a Sentinel-1 T2 acquisition cannot be calculated.","s2 dates: datasets/oscd/images/<city>/dates.txt; s1 presence and orbit numbers: datasets/oscd_sentinel1 filenames; s1 raster tags: AREA_OR_POINT only, description VV, no acquisition date; composite windows: repos/2/DS_UNet/sentinel1_download.ipynb"
lasvegas,2015-08-20,2018-02-05,UNKNOWN,UNKNOWN,166;173,2015-08-20,sentinel1_lasvegas_<orbit>_t2.tif,UNKNOWN,no,"S1 T1 and T2 VV files exist, but no SAR acquisition date is stored. The download notebook builds orbit-mean composites, not single-date scenes. A day gap from optical date_1 to a Sentinel-1 T2 acquisition cannot be calculated.","s2 dates: datasets/oscd/images/<city>/dates.txt; s1 presence and orbit numbers: datasets/oscd_sentinel1 filenames; s1 raster tags: AREA_OR_POINT only, description VV, no acquisition date; composite windows: repos/2/DS_UNet/sentinel1_download.ipynb"
milano,2016-12-28,2018-01-22,UNKNOWN,UNKNOWN,66;168,2016-12-28,sentinel1_milano_<orbit>_t2.tif,UNKNOWN,no,"S1 T1 and T2 VV files exist, but no SAR acquisition date is stored. The download notebook builds orbit-mean composites, not single-date scenes. A day gap from optical date_1 to a Sentinel-1 T2 acquisition cannot be calculated.","s2 dates: datasets/oscd/images/<city>/dates.txt; s1 presence and orbit numbers: datasets/oscd_sentinel1 filenames; s1 raster tags: AREA_OR_POINT only, description VV, no acquisition date; composite windows: repos/2/DS_UNet/sentinel1_download.ipynb"
chongqing,2017-04-14,2018-04-02,UNKNOWN,UNKNOWN,55;164,2017-04-14,sentinel1_chongqing_<orbit>_t2.tif,UNKNOWN,no,"S1 T1 and T2 VV files exist, but no SAR acquisition date is stored. The download notebook builds orbit-mean composites, not single-date scenes. A day gap from optical date_1 to a Sentinel-1 T2 acquisition cannot be calculated.","s2 dates: datasets/oscd/images/<city>/dates.txt; s1 presence and orbit numbers: datasets/oscd_sentinel1 filenames; s1 raster tags: AREA_OR_POINT only, description VV, no acquisition date; composite windows: repos/2/DS_UNet/sentinel1_download.ipynb"
