table,model,city,validation_best_epoch,validation_best_f1,precision,recall,f1,iou,far,tp,fp,fn,tn,precision_n,recall_n,f1_n,iou_n,far_n,undefined_f1_cities
pooled,SAR-only,,21,0.06624405705229794,0.4558286185761433,0.291726648101234,0.3557659505145946,0.21637184233347942,0.018980361846872358,46407,55401,112670,2863458,,,,,,
pooled,Optical-only,,50,0.23874477949346717,0.25148292541248224,0.2830390314124606,0.26632950327551275,0.15362175440990822,0.045912803598940545,45025,134013,114052,2784846,,,,,,
pooled,Synchronous SAR + Optical Fusion,,46,0.25379040319893365,0.287733496147139,0.4532647711485633,0.3520101545146093,0.2135997108713555,0.061150264538300754,72104,178489,86973,2740370,,,,,,
city,SAR-only,brasilia,,,0.41950113378684806,0.03529187333078977,0.06510645785676579,0.0336485994907239,0.0012940076326231455,185,256,5057,197579,,,,,,
city,Optical-only,brasilia,,,0.05564645661017458,0.7071728347958794,0.10317427183790479,0.05439312125836366,0.31799226628250815,3707,62910,1535,134925,,,,,,
city,Synchronous SAR + Optical Fusion,brasilia,,,0.1905038647062242,0.625333842045021,0.29203973450933224,0.17098742892911167,0.07040715747971794,3278,13929,1964,183906,,,,,,
city,SAR-only,montpellier,,,0.5133984472827448,0.15703998774322048,0.24051152695488942,0.13669400546776023,0.010850384203002144,2050,1943,11004,177129,,,,,,
city,Optical-only,montpellier,,,0.6912426445136726,0.6119197180940708,0.6491670052824055,0.4805679220310432,0.01992494639027877,7988,3568,5066,175504,,,,,,
city,Synchronous SAR + Optical Fusion,montpellier,,,0.5474248559858552,0.7352535621265512,0.6275868833164416,0.45728715041212065,0.04431178520371694,9598,7935,3456,171137,,,,,,
city,SAR-only,norcia,,,0.518581081081081,0.2502037489812551,0.33754810335349095,0.20304232804232805,0.003112780969440136,307,285,920,91273,,,,,,
city,Optical-only,norcia,,,0.10462130937098844,0.39853300733496333,0.16573462125063548,0.09035476718403547,0.045708731077568315,489,4185,738,87373,,,,,,
city,Synchronous SAR + Optical Fusion,norcia,,,0.2794486215538847,0.3634881825590872,0.3159759121501948,0.18763146823727386,0.012560344262653182,446,1150,781,90408,,,,,,
city,SAR-only,rio,,,0.3803339517625232,0.19176800748362957,0.2549751243781095,0.14611546685673557,0.01883998702635624,1640,2672,6912,139154,,,,,,
city,Optical-only,rio,,,0.4216725559481743,0.25116931711880264,0.31481752894621134,0.1868150982779614,0.020771931803759535,2148,2946,6404,138880,,,,,,
city,Synchronous SAR + Optical Fusion,rio,,,0.5190752761644459,0.5329747427502338,0.5259331910229043,0.35679060665362033,0.02977592260939461,4558,4223,3994,137603,,,,,,
city,SAR-only,saclay_w,,,0.32387227572225036,0.5093662813870068,0.3959721146398141,0.24686111647672399,0.012277561238248193,2556,5336,2462,429278,,,,,,
city,Optical-only,saclay_w,,,0.07195174493752693,0.09984057393383819,0.08363241799515901,0.043641114982578395,0.014868365952316309,501,6462,4517,428152,,,,,,
city,Synchronous SAR + Optical Fusion,saclay_w,,,0.10777985391540683,0.25288959744918293,0.15114340161981896,0.08174966179217935,0.024170873464729622,1269,10505,3749,424109,,,,,,
city,SAR-only,valencia,,,0.0,0.0,,0.0,0.0023083408972580967,0,501,969,216538,,,,,,
city,Optical-only,valencia,,,0.007974581022989221,0.13209494324045407,0.015041128084606342,0.007577551503670376,0.07336469482443247,128,15923,841,201116,,,,,,
city,Synchronous SAR + Optical Fusion,valencia,,,0.011317560040992738,0.26212590299277605,0.021698274389202122,0.010968131963036531,0.10223508217417146,254,22189,715,194850,,,,,,
city,SAR-only,dubai,,,0.4687532888505336,0.45739284027193,0.4630033888438429,0.3012390433935721,0.05709832204820067,22270,25239,26419,416788,,,,,,
city,Optical-only,dubai,,,0.2327814764626171,0.08114769249727864,0.12034357771618286,0.06402424203140444,0.02945973888472876,3951,13022,44738,429005,,,,,,
city,Synchronous SAR + Optical Fusion,dubai,,,0.2694378996970717,0.13152868204317197,0.17676691002939676,0.09695244727718651,0.039282668253296744,6404,17364,42285,424663,,,,,,
city,SAR-only,lasvegas,,,0.6587583148558759,0.1968853545394301,0.3031632653061225,0.17866378014312345,0.008476007592975397,8913,4617,36357,540097,,,,,,
city,Optical-only,lasvegas,,,0.498589562764457,0.5466092334879611,0.5214963119072709,0.35271897940275104,0.04568452435590053,24745,24885,20525,519829,,,,,,
city,Synchronous SAR + Optical Fusion,lasvegas,,,0.28726862795010727,0.8724983432736911,0.432227176975898,0.2756950309561867,0.1799054182561858,39498,97997,5772,446717,,,,,,
city,SAR-only,milano,,,0.17770366841353025,0.3083918974782968,0.22547982469397007,0.12706523590529722,0.011442170963005194,746,3452,1673,298239,,,,,,
city,Optical-only,milano,,,0.4166666666666667,0.0062009094667217855,0.012219959266802442,0.006147540983606557,6.960764490820078e-05,15,21,2404,301670,,,,,,
city,Synchronous SAR + Optical Fusion,milano,,,0.6064516129032258,0.11657709797436958,0.19556171983356452,0.1083781706379708,0.0006065809056286067,282,183,2137,301508,,,,,,
city,SAR-only,chongqing,,,0.410828025477707,0.2702797080699794,0.32605261495039706,0.19478068299066362,0.030123506376142185,7740,11100,20897,357383,,,,,,
city,Optical-only,chongqing,,,0.9369806094182825,0.047246569123860736,0.08995711578737409,0.0470969089390142,0.0002469584756963008,1353,91,27284,368392,,,,,,
city,Synchronous SAR + Optical Fusion,chongqing,,,0.6837687545902843,0.22757272060620876,0.3414902536155942,0.20590186723958168,0.008179481821413741,6517,3014,22120,365469,,,,,,
unweighted_mean,SAR-only,,,,0.38717301872330945,0.23766196992855382,0.29020138010860025,0.15681102587669282,0.01558230689472514,,,,,10,10,9,10,10,valencia
sample_std,SAR-only,,,,0.18650398554963768,0.16194463528273445,0.1136384566145341,0.09079135097997852,0.016939217723778884,,,,,10,10,9,10,10,valencia
unweighted_mean,Optical-only,,,,0.3438127607715549,0.2881934799093831,0.20755839380745528,0.13333372465944288,0.05680917656920973,,,,,10,10,10,10,10,
sample_std,Optical-only,,,,0.30680383323859994,0.2584039539552579,0.21851496539638454,0.16052581730793639,0.09447073932309787,,,,,10,10,10,10,10,
unweighted_mean,Synchronous SAR + Optical Fusion,,,,0.3502476927507499,0.4120242673820294,0.3080423457462348,0.1952341964098268,0.05114353144309086,,,,,10,10,10,10,10,
sample_std,Synchronous SAR + Optical Fusion,,,,0.2258194475633019,0.26389851467914927,0.18346665725976802,0.13582737010529733,0.05459045950463844,,,,,10,10,10,10,10,
