epoch,train_loss,validation_precision,validation_recall,validation_f1,validation_iou,validation_false_alarm_rate
1,1.298076605796814,0.01818067091918682,0.6926741848063642,0.03543137197909935,0.018035191783955542,0.7002866469022414
2,1.387221199274063,0.019257748515023793,0.551403094676108,0.03721573769911452,0.01896068682326205,0.5257069818937026
3,1.3916208148002625,0.019395167179857432,0.7139173004633272,0.037764380140925674,0.0192455889388237,0.675730589553222
4,1.2123015522956848,0.01941667736901481,0.9185680566483084,0.038029488008903406,0.019383312734047854,0.8684525567872635
5,1.2584539532661438,0.01837056981700117,0.999650319083836,0.03607813195099559,0.018370451766920978,0.9999959085512098
6,1.1304654359817505,0.030840254858362167,0.13519538421190663,0.05022367641208421,0.025758686165428563,0.07953612790196234
7,1.2042942345142365,0.017514673461915646,0.8844741673223184,0.0343491527293869,0.017474696880721268,0.9288259751354474
8,1.0605134308338164,0.01615909414713102,0.6048168546201591,0.031477201379473504,0.015990265086861914,0.6893772078480535
9,1.2679685354232788,0.09725158562367865,0.004021330535886004,0.007723304231027535,0.0038766222821506827,0.0006988194533660758
10,1.182506275177002,0.01900154929321607,0.3200454585191013,0.03587325306517399,0.01826422511742535,0.30932580288545336
11,1.1766078114509582,0.016592945622468457,0.7937756796922808,0.03250638358427629,0.0165217225169425,0.8807097190729432
12,1.190281915664673,0.014145585576267774,0.33477576711250984,0.027144221619332325,0.013758847411346243,0.4367883436260547
13,1.2229829132556915,0.018476474385535322,0.9920884692717895,0.036277326471164106,0.018473752409230607,0.9866365099614504
14,1.2569031715393066,0.03168934154572557,0.5491738788355626,0.059921021003834486,0.030885866839729787,0.31414962100909855
15,1.1635361194610596,0.018403097528655293,0.994929626715622,0.036137759131880914,0.018401371735680568,0.9934815037874541
16,1.1382793247699738,0.03102447624321056,0.7322755485619372,0.05952696088446554,0.030676520458948434,0.42816193299679806
17,1.0630162060260773,0.01837687781038995,1.0,0.03609052446261749,0.01837687781038995,0.9999959085512098
18,0.9934812426567078,0.027067372387189377,0.6594107876562637,0.052000248178302316,0.026694175977011087,0.4437290773537491
19,1.0857948660850525,0.07097651048173419,0.22598129207098522,0.1080245301350829,0.0570961578813681,0.05537448621631817
20,1.0177448570728302,0.025480295091541188,0.8085934085147303,0.04940378426738239,0.02532753004897377,0.5789506415800848
21,1.0385025143623352,0.03406526909310954,0.6348457032957426,0.06466089093483157,0.03341062588564383,0.33699954421260475
22,1.0199605703353882,0.01986517379626631,0.99475478625754,0.03895246987379557,0.019863093206766266,0.918828929161474
23,1.025386667251587,0.05723788406715236,0.3949208846927179,0.09998450710459918,0.052622995695805884,0.12177379034270794
24,1.073053377866745,0.044502133296966624,0.3993793163738089,0.08008098372437487,0.041710605002350985,0.1605312664425098
25,1.0124651670455933,0.03326586706646677,0.5819127546114171,0.06293402162249041,0.03248935365392359,0.31658566961878337
26,1.043280804157257,0.03737684408069645,0.5954628901127721,0.07033857830672122,0.036451253839649804,0.2871002347673316
27,1.0199813663959503,0.022390888770229007,0.8467960486056474,0.04362816632436134,0.02230054919692468,0.6921463003892604
28,1.0061495065689088,0.09311379384241732,0.11395226855494361,0.10248447204968944,0.054009819967266774,0.02077719524639114
29,1.0149364233016969,0.17313137032842582,0.1069149401171431,0.13219477922499054,0.07077546296296296,0.00955926095342213
30,0.9665338695049286,0.019535027621792603,0.8997289972899729,0.03823978821726308,0.019492590372455827,0.8453857867978767
31,0.944213730096817,0.026188578784667793,0.7842905848413323,0.05068472255177791,0.026001295500093467,0.5459653814334964
32,1.026498955488205,0.025541051998362433,0.8017309205350118,0.049505003940535704,0.025380738756341035,0.5726358995172909
33,0.9379699409008027,0.10451908644679729,0.22523822012413672,0.1427819340537545,0.07687946648365585,0.03612667452770361
34,0.9250401616096496,0.023835572443065306,0.9018270827869569,0.04644362531303638,0.023773885368666915,0.6914262054021854
35,1.012750005722046,0.02003268132171165,0.9398985925343124,0.039229243783944524,0.020007052665172394,0.860753268453866
36,0.9136740446090699,0.049303874250962394,0.4103505551184544,0.08803079389935722,0.04604195173147753,0.14812926686965708
37,0.9123146414756775,0.045847143471925464,0.530859340851473,0.0844047536312461,0.04406189344604278,0.20682846437289137
38,0.9246177077293396,0.0366752262502018,0.5262697788268206,0.0685717540187661,0.03550313306302986,0.2587816811108447
39,0.9070242166519165,0.04243250912561751,0.57518139697526,0.07903445707730469,0.041143089405474696,0.242996871678255
40,0.9120896399021149,0.025471475603850238,0.7977533001136463,0.049366720538811616,0.025308047934283106,0.5713920990850703
41,0.9037218809127807,0.02273163889012037,0.8740711600664394,0.04431090089820591,0.022657436153096604,0.7034853415664194
42,0.932352501153946,0.02652880664607264,0.7732756359821663,0.0512977391415291,0.02632405174042887,0.5312083439370048
43,0.9843652009963989,0.02532744027659347,0.8075443657662383,0.049114477273089784,0.025175478879169967,0.5817802875633867
44,1.0779262006282806,0.025537376315908373,0.7905848413322842,0.04947656653910227,0.025365789351894055,0.5647582240166408
45,1.0242892801761627,0.05836717015862704,0.47123874464551097,0.10386920245871631,0.05477955560523762,0.14232431932612202
46,1.0194763898849488,0.031543451494937244,0.7502841157443833,0.0605416119975734,0.031215731346486433,0.43124279393581827
47,1.0002864956855775,0.025482298845405794,0.7925955066002273,0.049377101855759935,0.025313504677267822,0.567450397320592
48,1.0466813743114471,0.08985378821444395,0.26593233674272226,0.1343224268114982,0.07199659187730759,0.05042792462896697
49,0.8636971235275268,0.07492322692935055,0.35938456158755133,0.12399616942021008,0.06609590417621287,0.08307032136693668
50,0.9205450057983399,0.024213242524766546,0.8416382550922283,0.04707225487224118,0.024103428808197793,0.6349691218359803
